Date,Year,Quarter,Month,Weekday,DayOfYear,TotalPrice,TotalPrice_rolling_mean3,TotalPrice_rolling_std3
2010-12-01,2010,4,12,2,335,35376.36,30201.166666666668,9433.429180612602
2010-12-02,2010,4,12,3,336,35914.33,30201.166666666668,9433.429180612602
2010-12-03,2010,4,12,4,337,19312.81,30201.166666666668,9433.429180612602
2010-12-04,2010,4,12,5,338,23912.995000000003,26380.045000000002,8571.31077224919
2010-12-05,2010,4,12,6,339,28513.18,23912.995,4600.184999999998
2010-12-06,2010,4,12,0,340,26574.170000000002,26333.448333333334,2309.5206643713555
2010-12-07,2010,4,12,1,341,22036.27,25707.873333333333,3324.220694092574
2010-12-08,2010,4,12,2,342,35163.32,27924.58666666667,6666.901777125061
2010-12-09,2010,4,12,3,343,29510.19,28903.26,6584.537451051514
2010-12-10,2010,4,12,4,344,27108.47,30593.993333333332,4135.3505751790035
2010-12-11,2010,4,12,5,345,21373.085,25997.248333333337,4180.816862720527
2010-12-12,2010,4,12,6,346,15637.7,21373.085000000003,5735.3849999999975
2010-12-13,2010,4,12,0,347,25361.44,20790.74166666667,4887.956906040426
2010-12-14,2010,4,12,1,348,26760.33,22586.490000000005,6058.340132090634
2010-12-15,2010,4,12,2,349,26783.8,26301.85666666667,814.5092635650517
2010-12-16,2010,4,12,3,350,33491.17,29011.766666666666,3879.294829892833
2010-12-17,2010,4,12,4,351,17860.14,26045.036666666667,7841.65818958167
2010-12-18,2010,4,12,5,352,12165.664999999999,21172.325,11041.839429276488
2010-12-19,2010,4,12,6,353,6471.19,12165.665,5694.474999999989
2010-12-20,2010,4,12,0,354,17299.46,11978.771666666667,5416.553760165056
2010-12-21,2010,4,12,1,355,10672.460000000001,11481.036666666669,5459.231170012239
2010-12-22,2010,4,12,2,356,3938.44,10636.786666666669,6680.581434286479
2010-12-23,2010,4,12,3,357,5644.77,6751.890000000003,3500.8630879969924
2010-12-24,2010,4,12,4,358,6106.501666666667,5229.903888888892,1142.0193804084633
2010-12-25,2010,4,12,5,359,6568.233333333334,6106.50166666667,461.7316666664838
2010-12-26,2010,4,12,6,360,7029.965,6568.233333333336,461.7316666664865
2010-12-27,2010,4,12,0,361,7491.696666666667,7029.965000000003,461.7316666664892
2010-12-28,2010,4,12,1,362,7953.428333333333,7491.696666666669,461.73166666649195
2010-12-29,2010,4,12,2,363,8415.16,7953.428333333336,461.7316666664946
2010-12-30,2010,4,12,3,364,8876.891666666666,8415.160000000002,461.73166666649735
2010-12-31,2010,4,12,4,365,9338.623333333333,8876.891666666668,461.73166666650053
2011-01-01,2011,1,1,5,1,9800.355,9338.623333333335,461.7316666665037
2011-01-02,2011,1,1,6,2,10262.086666666666,9800.355000000001,461.7316666665069
2011-01-03,2011,1,1,0,3,10723.818333333333,10262.086666666668,461.7316666665101
2011-01-04,2011,1,1,1,4,11185.55,10723.818333333335,461.73166666651326
2011-01-05,2011,1,1,2,5,22899.57,14936.312777777779,6900.246243682639
2011-01-06,2011,1,1,3,6,28499.34,20861.486666666668,8834.996819254282
2011-01-07,2011,1,1,4,7,18853.65,23417.520000000004,4843.659571635887
2011-01-08,2011,1,1,5,8,16377.395,21243.46166666667,6404.591126477806
2011-01-09,2011,1,1,6,9,13901.14,16377.395000000004,2476.2549999999687
2011-01-10,2011,1,1,0,10,14573.64,14950.725,1280.470432760873
2011-01-11,2011,1,1,1,11,17230.85,15235.210000000001,1760.6812089926505
2011-01-12,2011,1,1,2,12,15514.18,15772.890000000001,1347.3638684853595
2011-01-13,2011,1,1,3,13,13723.86,15489.630000000003,1753.6238883808078
2011-01-14,2011,1,1,4,14,18846.34,16028.126666666669,2599.6261692276394
2011-01-15,2011,1,1,5,15,12506.01,15025.403333333335,3364.588743610896
2011-01-16,2011,1,1,6,16,6165.68,12506.010000000002,6340.329999999981
2011-01-17,2011,1,1,0,17,15368.34,11346.676666666668,4709.594260892658
2011-01-18,2011,1,1,1,18,9151.95,10228.65666666667,4694.860030228063
2011-01-19,2011,1,1,2,19,15352.12,13290.803333333335,3584.3613040865607
2011-01-20,2011,1,1,3,20,13494.83,12666.300000000003,3182.0392011884082
2011-01-21,2011,1,1,4,21,20971.45,16606.133333333335,3892.861895345531
2011-01-22,2011,1,1,5,22,15250.905,16572.395000000004,3909.566922457636
2011-01-23,2011,1,1,6,23,9530.36,15250.905000000004,5720.544999999985
2011-01-24,2011,1,1,0,24,17369.66,14050.308333333336,4055.2102768547174
2011-01-25,2011,1,1,1,25,22012.52,16304.180000000002,6308.9234651563065
2011-01-26,2011,1,1,2,26,15742.85,18375.010000000006,3253.4961109704636
2011-01-27,2011,1,1,3,27,21580.09,19778.486666666668,3501.645528210032
2011-01-28,2011,1,1,4,28,15738.8,17687.24666666667,3371.301827786005
2011-01-29,2011,1,1,5,29,11140.494999999999,16153.128333333334,5232.115912024334
2011-01-30,2011,1,1,6,30,6542.1900000000005,11140.495000000003,4598.304999999975
2011-01-31,2011,1,1,0,31,16694.9,11459.195000000002,5083.852609343114
2011-02-01,2011,1,2,1,32,24531.88,15922.990000000005,9019.651897944836
2011-02-02,2011,1,2,2,33,16613.02,19279.933333333338,4548.503481996389
2011-02-03,2011,1,2,3,34,15821.7,18988.86666666667,4816.66839690395
2011-02-04,2011,1,2,4,35,14530.81,15655.176666666668,1051.0457347010226
2011-02-05,2011,1,2,5,36,8984.955,13112.488333333336,3632.3543069692646
2011-02-06,2011,1,2,6,37,3439.1,8984.955000000002,5545.854999999978
2011-02-07,2011,1,2,0,38,12033.1,8152.385000000002,4357.073398931299
2011-02-08,2011,1,2,1,39,12123.4,9198.533333333335,4988.01992411148
2011-02-09,2011,1,2,2,40,10423.85,11526.783333333335,956.234791164355
2011-02-10,2011,1,2,3,41,12270.76,11606.003333333336,1026.4227296943202
2011-02-11,2011,1,2,4,42,10935.72,11210.11,953.5389562570574
2011-02-12,2011,1,2,5,43,8171.2,10459.22666666667,2090.9047015426404
2011-02-13,2011,1,2,6,44,5406.68,8171.200000000002,2764.5199999999527
2011-02-14,2011,1,2,0,45,14073.99,9217.290000000003,4427.334850121431
2011-02-15,2011,1,2,1,46,22811.54,14097.403333333335,8702.453621998407
2011-02-16,2011,1,2,2,47,21050.75,19312.093333333334,4620.972868783508
2011-02-17,2011,1,2,3,48,17350.71,20404.333333333336,2787.2131157185127
2011-02-18,2011,1,2,4,49,12243.46,16881.640000000003,4422.342058762516
2011-02-19,2011,1,2,5,50,10577.619999999999,13390.59666666667,3529.253311400748
2011-02-20,2011,1,2,6,51,8911.78,10577.620000000003,1665.8399999999262
2011-02-21,2011,1,2,0,52,22792.05,14093.816666666668,7578.799579566224
2011-02-22,2011,1,2,1,53,24388.25,18697.36,8512.058832168628
2011-02-23,2011,1,2,2,54,16823.79,21334.69666666667,3987.251287106611
2011-02-24,2011,1,2,3,55,21144.83,20785.623333333337,3795.0014288447005
2011-02-25,2011,1,2,4,56,16064.06,18010.893333333337,2740.5230689109812
2011-02-26,2011,1,2,5,57,12617.935,16608.94166666667,4289.482090912402
2011-02-27,2011,1,2,6,58,9171.81,12617.935,3446.124999999969
2011-02-28,2011,1,2,0,59,14515.84,12101.86166666667,2709.135087857028
2011-03-01,2011,1,3,1,60,19971.69,14553.113333333333,5400.036479472445
2011-03-02,2011,1,3,2,61,15976.08,16821.203333333335,2824.402572586494
2011-03-03,2011,1,3,3,62,18667.99,18205.253333333334,2037.6012208067712
2011-03-04,2011,1,3,4,63,13681.98,16108.683333333334,2495.6485455755187
2011-03-05,2011,1,3,5,64,11815.89,14721.953333333333,3542.4535287048116
2011-03-06,2011,1,3,6,65,9949.8,11815.890000000001,1866.0899999999344
2011-03-07,2011,1,3,0,66,15110.9,12292.196666666669,2613.310033852298
2011-03-08,2011,1,3,1,67,21546.13,15535.610000000002,5809.819386633276
2011-03-09,2011,1,3,2,68,16934.21,17863.74666666667,3316.786863703069
2011-03-10,2011,1,3,3,69,19096.77,19192.370000000006,2307.445783025018
2011-03-11,2011,1,3,4,70,14918.57,16983.183333333334,2089.5304737029346
2011-03-12,2011,1,3,5,71,9517.325,14510.888333333336,4802.717447758938
2011-03-13,2011,1,3,6,72,4116.08,9517.325000000003,5401.244999999966
2011-03-14,2011,1,3,0,73,20324.47,11319.29166666667,8253.077577416683
2011-03-15,2011,1,3,1,74,13954.26,12798.270000000002,8165.795200597413
2011-03-16,2011,1,3,2,75,20132.75,18137.16,3623.7657825941114
2011-03-17,2011,1,3,3,76,17440.46,17175.823333333334,3097.7345099335434
2011-03-18,2011,1,3,4,77,18052.21,18541.806666666667,1411.3415720629973
2011-03-19,2011,1,3,5,78,17335.565000000002,17609.411666666667,387.0445882042833
2011-03-20,2011,1,3,6,79,16618.920000000002,17335.565000000002,716.644999999915
2011-03-21,2011,1,3,0,80,15413.77,16456.085000000003,971.190214852295
2011-03-22,2011,1,3,1,81,17691.24,16574.643333333337,1139.380409535456
2011-03-23,2011,1,3,2,82,17869.66,16991.556666666667,1369.3124180526504
2011-03-24,2011,1,3,3,83,21733.72,19098.20666666667,2284.164250165315
2011-03-25,2011,1,3,4,84,16661.22,18754.86666666667,2649.576795364358
2011-03-26,2011,1,3,5,85,12646.225,17013.721666666668,4553.991042207724
2011-03-27,2011,1,3,6,86,8631.23,12646.225,4014.9949999999594
2011-03-28,2011,1,3,0,87,18188.79,13155.415,4799.082634261958
2011-03-29,2011,1,3,1,88,26599.92,17806.646666666667,8990.438266538133
2011-03-30,2011,1,3,2,89,25365.73,23384.813333333335,4542.003973956144
2011-03-31,2011,1,3,3,90,21398.23,24454.626666666667,2717.899313262628
2011-04-01,2011,2,4,4,91,18783.94,21849.3,3313.998794462674
2011-04-02,2011,2,4,5,92,12459.96,17547.376666666667,4595.6484097712755
2011-04-03,2011,2,4,6,93,6135.98,12459.96,6323.979999999982
2011-04-04,2011,2,4,0,94,20024.8,12873.58,6953.642310070298
2011-04-05,2011,2,4,1,95,19282.69,15147.823333333334,7813.300967672573
2011-04-06,2011,2,4,2,96,12347.92,17218.47,4234.309245898307
2011-04-07,2011,2,4,3,97,15186.59,15605.733333333332,3486.3332584010386
2011-04-08,2011,2,4,4,98,19425.05,15653.186666666666,3561.562381347995
2011-04-09,2011,2,4,5,99,14382.5,16331.38,2709.194665154181
2011-04-10,2011,2,4,6,100,9339.95,14382.5,5042.549999999986
2011-04-11,2011,2,4,0,101,18917.28,14213.243333333334,4790.907883338312
2011-04-12,2011,2,4,1,102,22527.24,16928.156666666666,6814.9551071473115
2011-04-13,2011,2,4,2,103,19705.31,20383.27666666667,1898.0732075537217
2011-04-14,2011,2,4,3,104,31834.65,24689.06666666667,6347.073586420225
2011-04-15,2011,2,4,4,105,16787.55,22775.83666666667,7979.65570125261
2011-04-16,2011,2,4,5,106,14529.105,21050.435,9407.423309768457
2011-04-17,2011,2,4,6,107,12270.66,14529.105000000001,2258.4449999999524
2011-04-18,2011,2,4,0,108,18521.72,15107.161666666667,3165.367263574344
2011-04-19,2011,2,4,1,109,17591.09,16127.823333333334,3372.654708717326
2011-04-20,2011,2,4,2,110,18476.1,18196.303333333333,524.6262290747401
2011-04-21,2011,2,4,3,111,25309.54,20458.91,4224.011034869572
2011-04-22,2011,2,4,4,112,23880.29,22555.31,3604.255062936023
2011-04-23,2011,2,4,5,113,22451.04,23880.290000000005,1429.2499999999898
2011-04-24,2011,2,4,6,114,21021.79,22451.040000000005,1429.2499999999834
2011-04-25,2011,2,4,0,115,19592.54,21021.790000000005,1429.249999999977
2011-04-26,2011,2,4,1,116,18163.29,19592.540000000005,1429.2499999999707
2011-04-27,2011,2,4,2,117,18419.920000000002,18725.250000000004,761.9768351465183
2011-04-28,2011,2,4,3,118,20075.920000000002,18886.376666666667,1038.1352251191754
2011-04-29,2011,2,4,4,119,15703.176666666666,18066.33888888889,2207.7105259529844
2011-04-30,2011,2,4,5,120,11330.433333333332,15703.176666666668,4372.743333333317
2011-05-01,2011,2,5,6,121,6957.69,11330.433333333334,4372.7433333333065
2011-05-02,2011,2,5,0,122,12129.135000000002,10139.086111111113,2783.961565813805
2011-05-03,2011,2,5,1,123,17300.58,12129.135000000002,5171.444999999979
2011-05-04,2011,2,5,2,124,22788.3,17406.005,5330.364476025521
2011-05-05,2011,2,5,3,125,22248.67,20779.183333333334,3024.6174960204808
2011-05-06,2011,2,5,4,126,24093.47,23043.48,948.5037608253874
2011-05-07,2011,2,5,5,127,21100.25,22480.796666666665,1510.0508548168925
2011-05-08,2011,2,5,6,128,18107.03,21100.25,2993.2199999999802
2011-05-09,2011,2,5,0,129,17744.36,18983.88,1841.7787231097677
2011-05-10,2011,2,5,1,130,26788.48,20879.956666666665,5120.143393268709
2011-05-11,2011,2,5,2,131,28176.92,24236.586666666666,5665.129894974453
2011-05-12,2011,2,5,3,132,42132.24,32365.88,8486.358591622207
2011-05-13,2011,2,5,4,133,23205.8,31171.653333333335,9812.178839163775
2011-05-14,2011,2,5,5,134,16434.765,27257.60166666667,13319.267168407136
2011-05-15,2011,2,5,6,135,9663.73,16434.765000000003,6771.034999999977
2011-05-16,2011,2,5,0,136,25440.78,17179.758333333335,7914.865000469562
2011-05-17,2011,2,5,1,137,27612.15,20905.553333333333,9796.053073183768
2011-05-18,2011,2,5,2,138,28064.2,27039.043333333335,1402.4698081004371
2011-05-19,2011,2,5,3,139,30377.12,28684.490000000005,1483.1839192426428
2011-05-20,2011,2,5,4,140,20792.6,26411.306666666667,5001.479599691801
2011-05-21,2011,2,5,5,141,21197.29,24122.33666666667,5420.579250341536
2011-05-22,2011,2,5,6,142,21601.98,21197.290000000005,404.6899999997728
2011-05-23,2011,2,5,0,143,21959.43,21586.233333333334,381.3139297654312
2011-05-24,2011,2,5,1,144,18966.65,20842.68666666667,1634.4961935205395
2011-05-25,2011,2,5,2,145,18150.11,19692.063333333335,2005.5917066374952
2011-05-26,2011,2,5,3,146,18682.56,18599.773333333334,414.5173301963031
2011-05-27,2011,2,5,4,147,16531.64,17788.103333333336,1120.2235632377337
2011-05-28,2011,2,5,5,148,11376.515,15530.238333333336,3754.5542157502496
2011-05-29,2011,2,5,6,149,6221.39,11376.515000000001,5155.12499999995
2011-05-30,2011,2,5,0,150,10328.505000000001,9308.803333333335,2724.641638483445
2011-05-31,2011,2,5,1,151,14435.62,10328.505000000003,4107.114999999933
2011-06-01,2011,2,6,2,152,11603.79,12122.638333333336,2102.14202673317
2011-06-02,2011,2,6,3,153,23757.62,16599.010000000006,6359.173541923483
2011-06-03,2011,2,6,4,154,12311.49,15890.966666666669,6821.904852944884
2011-06-04,2011,2,6,5,155,17875.16,17981.423333333336,5723.8048460995815
2011-06-05,2011,2,6,6,156,23438.83,17875.160000000003,5563.669999999976
2011-06-06,2011,2,6,0,157,16267.84,19193.94333333334,3762.9996685135543
2011-06-07,2011,2,6,1,158,22014.34,20573.670000000002,3796.369572591669
2011-06-08,2011,2,6,2,159,28655.89,22312.690000000002,6199.411685192388
2011-06-09,2011,2,6,3,160,25492.0,25387.410000000003,3322.0100694760204
2011-06-10,2011,2,6,4,161,16034.0,23393.963333333337,6567.293596606849
2011-06-11,2011,2,6,5,162,13649.39,18391.79666666667,6263.485989769044
2011-06-12,2011,2,6,6,163,11264.78,13649.390000000001,2384.609999999903
2011-06-13,2011,2,6,0,164,17886.27,14266.813333333337,3353.6459464935915
2011-06-14,2011,2,6,1,165,15936.0,15029.01666666667,3402.64551933241
2011-06-15,2011,2,6,2,166,29210.11,21010.79333333334,7167.460053494066
2011-06-16,2011,2,6,3,167,23714.4,22953.503333333338,6669.686789949978
2011-06-17,2011,2,6,4,168,16275.68,23066.73,6491.4926771814135
2011-06-18,2011,2,6,5,169,18192.73,19394.270000000004,3862.1771824062853
2011-06-19,2011,2,6,6,170,20109.78,18192.73,1917.0499999999197
2011-06-20,2011,2,6,0,171,20030.58,19444.36333333334,1084.669378581827
2011-06-21,2011,2,6,1,172,18186.55,19442.303333333337,1088.2350323496694
2011-06-22,2011,2,6,2,173,17654.68,18623.93666666667,1246.8783118785263
2011-06-23,2011,2,6,3,174,22004.39,19281.873333333337,2372.7187305774505
2011-06-24,2011,2,6,4,175,15260.86,18306.643333333337,3418.711944027022
2011-06-25,2011,2,6,5,176,11145.19,16136.813333333337,5482.337716853362
2011-06-26,2011,2,6,6,177,7029.52,11145.190000000002,4115.6699999999255
2011-06-27,2011,2,6,0,178,11819.51,9998.073333333336,2592.857214586385
2011-06-28,2011,2,6,1,179,20908.7,13252.57666666667,7049.692860077865
2011-06-29,2011,2,6,2,180,11426.66,14718.290000000003,5364.649546494119
2011-06-30,2011,2,6,3,181,21000.48,17778.61333333334,5501.144358561502
2011-07-01,2011,3,7,4,182,11265.81,14564.316666666668,5574.46114172777
2011-07-02,2011,3,7,5,183,8492.86,13586.383333333337,6568.784892400787
2011-07-03,2011,3,7,6,184,5719.91,8492.860000000002,2772.949999999864
2011-07-04,2011,3,7,0,185,12692.78,8968.51666666667,3510.685966820815
2011-07-05,2011,3,7,1,186,21368.47,13260.38666666667,7839.706022194506
2011-07-06,2011,3,7,2,187,19759.76,17940.33666666667,4615.1516977704
2011-07-07,2011,3,7,3,188,22856.58,21328.270000000004,1548.8013294479792
2011-07-08,2011,3,7,4,189,14615.93,19077.423333333336,4162.483105146861
2011-07-09,2011,3,7,5,190,10282.575,15918.361666666671,6387.38182824214
2011-07-10,2011,3,7,6,191,5949.22,10282.575000000003,4333.354999999918
2011-07-11,2011,3,7,0,192,17883.08,11371.625000000005,6041.007867216723
2011-07-12,2011,3,7,1,193,13501.14,12444.480000000003,6036.692090176489
2011-07-13,2011,3,7,2,194,17047.13,16143.783333333335,2326.451362275362
2011-07-14,2011,3,7,3,195,23739.07,18095.780000000002,5198.899190030486
2011-07-15,2011,3,7,4,196,10696.78,17160.993333333336,6521.890504679829
2011-07-16,2011,3,7,5,197,13156.795,15864.215000000002,6929.857459091386
2011-07-17,2011,3,7,6,198,15616.81,13156.795000000004,2460.0149999998716
2011-07-18,2011,3,7,0,199,20409.54,16394.38166666667,3688.3655975727083
2011-07-19,2011,3,7,1,200,35121.54,23715.963333333337,10164.05182678804
2011-07-20,2011,3,7,2,201,20008.07,25179.71666666667,8612.211268520608
2011-07-21,2011,3,7,3,202,24655.73,26595.11333333334,7741.133615009719
2011-07-22,2011,3,7,4,203,13031.880000000001,19231.893333333337,5850.66747209521
2011-07-23,2011,3,7,5,204,16320.605000000001,18002.73833333334,5991.71524848752
2011-07-24,2011,3,7,6,205,19609.33,16320.605000000005,3288.7249999999144
2011-07-25,2011,3,7,0,206,18775.41,18235.115,1709.639449320984
2011-07-26,2011,3,7,1,207,16436.0,18273.580000000005,1645.1081526451578
2011-07-27,2011,3,7,2,208,18952.22,18054.54333333334,1404.4847223921242
2011-07-28,2011,3,7,3,209,27503.47,20963.89666666667,5801.495954375307
2011-07-29,2011,3,7,4,210,16733.55,21063.080000000005,5686.790980535483
2011-07-30,2011,3,7,5,211,16987.985,20408.335000000006,6145.883971689889
2011-07-31,2011,3,7,6,212,17242.42,16987.985000000004,254.4349999989764
2011-08-01,2011,3,8,0,213,16972.29,17067.565000000002,151.63207617283052
2011-08-02,2011,3,8,1,214,17357.43,17190.713333333337,197.7078385720277
2011-08-03,2011,3,8,2,215,23643.24,19324.320000000003,3745.2484136168614
2011-08-04,2011,3,8,3,216,36081.82,25694.16333333334,9529.187274234531
2011-08-05,2011,3,8,4,217,18199.05,25974.70333333334,9166.523696267488
2011-08-06,2011,3,8,5,218,12754.27,22345.046666666673,12203.917957796715
2011-08-07,2011,3,8,6,219,7309.49,12754.270000000004,5444.779999999932
2011-08-08,2011,3,8,0,220,17069.43,12377.730000000005,4890.853093234273
2011-08-09,2011,3,8,1,221,19488.17,14622.363333333336,6447.570324465853
2011-08-10,2011,3,8,2,222,16245.65,17601.08333333334,1685.3710089273723
2011-08-11,2011,3,8,3,223,32514.72,22749.513333333336,8610.919226170525
2011-08-12,2011,3,8,4,224,14459.57,21073.31333333334,9948.711490722459
2011-08-13,2011,3,8,5,225,10078.895,19017.728333333336,11892.189302288203
2011-08-14,2011,3,8,6,226,5698.22,10078.895000000006,4380.674999999895
2011-08-15,2011,3,8,0,227,16636.9,10804.671666666673,5505.337761028607
2011-08-16,2011,3,8,1,228,15822.29,12719.136666666673,6093.9191406871
2011-08-17,2011,3,8,2,229,25351.66,19270.28333333334,5282.353072678215
2011-08-18,2011,3,8,3,230,33955.91,25043.28666666667,9070.742205609933
2011-08-19,2011,3,8,4,231,15632.18,24979.916666666675,9167.519572252539
2011-08-20,2011,3,8,5,232,14124.695,21237.595000000005,11040.144024682144
2011-08-21,2011,3,8,6,233,12617.21,14124.695000000005,1507.4849999998025
2011-08-22,2011,3,8,0,234,22702.69,16481.531666666673,5440.15036672773
2011-08-23,2011,3,8,1,235,20552.68,18624.19333333334,5312.110910479278
2011-08-24,2011,3,8,2,236,26294.78,23183.383333333335,2901.0735363022477
2011-08-25,2011,3,8,3,237,20763.670000000002,22537.043333333335,3256.0048889756267
2011-08-26,2011,3,8,4,238,18335.170000000002,21797.87333333334,4079.3418879806013
2011-08-27,2011,3,8,5,239,14266.300000000001,17788.38000000001,3283.015185359274
2011-08-28,2011,3,8,6,240,10197.43,14266.300000000005,4068.8699999999258
2011-08-29,2011,3,8,0,241,8921.4,11128.376666666672,2791.412773960983
2011-08-30,2011,3,8,1,242,7645.37,8921.400000000003,1276.029999999644
2011-08-31,2011,3,8,2,243,17857.18,11474.650000000003,5564.133359374057
2011-09-01,2011,3,9,3,244,30018.75,18507.100000000006,11200.840600637956
2011-09-02,2011,3,9,4,245,18512.01,22129.313333333335,6840.293032482831
2011-09-03,2011,3,9,5,246,17395.675,21975.478333333336,6988.005100592597
2011-09-04,2011,3,9,6,247,16279.34,17395.675000000007,1116.3349999997822
2011-09-05,2011,3,9,0,248,27234.89,20303.30166666667,6028.825638145297
2011-09-06,2011,3,9,1,249,24748.2,22754.143333333337,5743.536840922428
2011-09-07,2011,3,9,2,250,21194.62,24392.570000000007,3035.7980731432
2011-09-08,2011,3,9,3,251,21629.74,22524.186666666672,1938.3005014014668
2011-09-09,2011,3,9,4,252,24422.86,22415.740000000005,1751.7792025252031
2011-09-10,2011,3,9,5,253,27803.33,24618.64333333334,3091.448156970015
2011-09-11,2011,3,9,6,254,31183.8,27803.330000000005,3380.4700000000225
2011-09-12,2011,3,9,0,255,27024.39,28670.50666666667,2211.1466291120405
2011-09-13,2011,3,9,1,256,35519.85,31242.680000000004,4248.036051365427
2011-09-14,2011,3,9,2,257,20506.69,27683.643333333337,7528.260390988975
2011-09-15,2011,3,9,3,258,37098.18,31041.573333333337,9157.543695360328
2011-09-16,2011,3,9,4,259,23011.91,26872.260000000006,8944.054544606719
2011-09-17,2011,3,9,5,260,19016.285,26375.45833333334,9498.62225487246
2011-09-18,2011,3,9,6,261,15020.66,19016.285000000007,3995.6249999999523
2011-09-19,2011,3,9,0,262,37073.92,23703.621666666673,11750.102677292152
2011-09-20,2011,3,9,1,263,28373.62,26822.73333333334,11108.127936179586
2011-09-21,2011,3,9,2,264,31930.73,32459.42333333334,4374.179066183008
2011-09-22,2011,3,9,3,265,47820.44,36041.59666666667,10354.666609381196
2011-09-23,2011,3,9,4,266,29458.45,36403.20666666667,9964.585031020302
2011-09-24,2011,3,9,5,267,30083.739999999998,35787.54333333334,10425.483132163894
2011-09-25,2011,3,9,6,268,30709.03,30083.740000000005,625.2900000002135
2011-09-26,2011,3,9,0,269,24890.69,28561.15333333334,3194.0527088690237
2011-09-27,2011,3,9,1,270,25316.58,26972.100000000006,3243.274570815761
2011-09-28,2011,3,9,2,271,32659.15,27622.140000000003,4367.373109559131
2011-09-29,2011,3,9,3,272,41760.24,33245.32333333334,8237.486748483041
2011-09-30,2011,3,9,4,273,26629.23,33682.873333333344,7617.274644020245
2011-10-01,2011,4,10,5,274,18825.025,29071.49833333334,11661.02601545244
2011-10-02,2011,4,10,6,275,11020.82,18825.02500000001,7804.205000000005
2011-10-03,2011,4,10,0,276,29512.61,19786.151666666676,9283.285932419536
2011-10-04,2011,4,10,1,277,30762.54,23765.323333333345,11054.743559270544
2011-10-05,2011,4,10,2,278,45546.5,35273.88333333334,8918.271757265189
2011-10-06,2011,4,10,3,279,43072.62,39793.88666666668,7918.5817873994365
2011-10-07,2011,4,10,4,280,34703.13,41107.41666666667,5682.533444268861
2011-10-08,2011,4,10,5,281,22736.355,33504.03500000001,10221.021971986243
2011-10-09,2011,4,10,6,282,10769.58,22736.355000000007,11966.775000000007
2011-10-10,2011,4,10,0,283,37081.27,23529.06833333334,13173.74485427961
2011-10-11,2011,4,10,1,284,34649.88,27500.243333333336,14540.090646658076
2011-10-12,2011,4,10,2,285,27332.15,33021.100000000006,5074.547113772865
2011-10-13,2011,4,10,3,286,30265.670000000002,30749.23333333334,3682.7528034384554
2011-10-14,2011,4,10,4,287,28109.72,28569.180000000008,1519.7738372206684
2011-10-15,2011,4,10,5,288,23688.43,27354.606666666674,3353.0088896443062
2011-10-16,2011,4,10,6,289,19267.14,23688.430000000008,4421.290000000037
2011-10-17,2011,4,10,0,290,37187.67,26714.41333333334,9335.61889862872
2011-10-18,2011,4,10,1,291,33851.71,30102.17333333334,9530.509838473163
2011-10-19,2011,4,10,2,292,28900.9,33313.42666666667,4169.52646812966
2011-10-20,2011,4,10,3,293,43925.82,35559.47666666668,7656.657592738086
2011-10-21,2011,4,10,4,294,24641.24,32489.320000000007,10130.7119698667
2011-10-22,2011,4,10,5,295,18395.68,28987.580000000005,13308.45654655717
2011-10-23,2011,4,10,6,296,12150.12,18395.680000000004,6245.560000000031
2011-10-24,2011,4,10,0,297,28446.19,19663.996666666673,8221.736114497577
2011-10-25,2011,4,10,1,298,31565.68,24053.996666666673,10426.385482823553
2011-10-26,2011,4,10,2,299,26133.23,28715.033333333336,2726.1852108823705
2011-10-27,2011,4,10,3,300,38160.44,31953.116666666672,6022.9581995921035
2011-10-28,2011,4,10,4,301,26652.35,30315.340000000007,6799.012200393557
2011-10-29,2011,4,10,5,302,30241.12,31684.636666666673,5888.279811390909
2011-10-30,2011,4,10,6,303,33829.89,30241.120000000006,3588.770000000056
2011-10-31,2011,4,10,0,304,29214.49,31095.16666666667,2423.329542516602
2011-11-01,2011,4,11,1,305,26796.3,29946.89333333334,3573.5357916262315
2011-11-02,2011,4,11,2,306,32105.49,29372.09333333334,2658.1015259078645
2011-11-03,2011,4,11,3,307,32609.73,30503.840000000007,3220.707085889742
2011-11-04,2011,4,11,4,308,37557.44,34090.88666666668,3012.6912394126566
2011-11-05,2011,4,11,5,309,39575.44,36580.87,3584.06831334176
2011-11-06,2011,4,11,6,310,41593.44,39575.44000000001,2018.0000000001075
2011-11-07,2011,4,11,0,311,26744.95,35971.27666666668,8053.689143494043
2011-11-08,2011,4,11,1,312,36403.72,34914.036666666674,7535.5013864529155
2011-11-09,2011,4,11,2,313,44511.82,35886.83000000001,8894.706226362983
2011-11-10,2011,4,11,3,314,56079.1,45664.880000000005,9888.240746401769
2011-11-11,2011,4,11,4,315,35399.39,45330.10333333334,10364.110773782455
2011-11-12,2011,4,11,5,316,31491.845,40990.11166666667,13212.698576534569
2011-11-13,2011,4,11,6,317,27584.3,31491.845000000012,3907.54500000006
2011-11-14,2011,4,11,0,318,45896.83,34990.991666666676,9644.698507281539
2011-11-15,2011,4,11,1,319,35901.12,36460.75000000001,9169.082726908966
2011-11-16,2011,4,11,2,320,42869.2,41555.716666666674,5125.669073519423
2011-11-17,2011,4,11,3,321,48879.19,42549.83666666668,6494.92647650714
2011-11-18,2011,4,11,4,322,33131.58,41626.65666666668,7946.995698339938
2011-11-19,2011,4,11,5,323,30915.765,37642.178333333344,9794.400564922726
2011-11-20,2011,4,11,6,324,28699.95,30915.76500000001,2215.8150000001065
2011-11-21,2011,4,11,0,325,33324.96,30980.22500000001,2313.1786990471496
2011-11-22,2011,4,11,1,326,39782.71,33935.873333333344,5566.579167678628
2011-11-23,2011,4,11,2,327,57240.97,43449.54666666668,12372.475578275897
2011-11-24,2011,4,11,3,328,35486.37,44170.016666666685,11521.805419747958
2011-11-25,2011,4,11,4,329,22974.3,38567.21333333335,17339.834628843306
2011-11-26,2011,4,11,5,330,19790.22,26083.63000000001,8297.182111554524
2011-11-27,2011,4,11,6,331,16606.14,19790.220000000012,3184.08000000008
2011-11-28,2011,4,11,0,332,41341.72,25912.693333333344,13456.438580550715
2011-11-29,2011,4,11,1,333,37135.22,31694.36000000001,13234.970632336152
2011-11-30,2011,4,11,2,334,40139.46,39538.80000000001,2166.622922707194
2011-12-01,2011,4,12,3,335,39203.05,38825.91000000001,1537.2184064407595
2011-12-02,2011,4,12,4,336,32928.9,37423.803333333344,3920.756674933247
2011-12-03,2011,4,12,5,337,26203.85,32778.60000000001,6500.903223975907
2011-12-04,2011,4,12,6,338,19478.8,26203.85000000001,6725.050000000032
2011-12-05,2011,4,12,0,339,47895.03,31192.56000000001,14850.452937580736
2011-12-06,2011,4,12,1,340,33965.35,33779.72666666668,14209.024381344188
2011-12-07,2011,4,12,2,341,43644.53,41834.97000000001,7138.968887087281
2011-12-08,2011,4,12,3,342,33579.4,37063.093333333345,5702.957197685563
2011-12-09,2011,4,12,4,343,13805.03,30342.98666666668,15180.735111009404
